{
  "config": {
    "speedModifier": 1.1,
    "ramRadius": 0.5,
    "ramDamage": 5.0,
    "fallingDamageMultiplier": 0.25
  },
  "durability": {
    "maxDurability": 100
  },
  "level": {
    "maxLevel": 10,
    "initialExp": 100,
    "expRatio": 250
  },
  "loot": [
    {
      "table": [
        "minecraft:chests/igloo_chest",
        "minecraft:chests/village/village_snowy_house",
        "minecraft:chests/village/village_taiga_house"
      ],
      "chance": 0.2,
      "baseCount": 1,
      "additionalCount": 0
    }
  ]
}