{
  "config": {
    "speedModifier": -0.1,
    "knockbackResistanceModifier": 0.5,
    "minFallDistance": 3,
    "fallMotionMultiplier": 1.075,
    "stompCooldownMultiplier": 1.5,
    "stompRadiusMultiplier": 0.5,
    "stompMotionMultiplier": 1.005,
    "dealtDamageMultiplier": 1.0,
    "maxDealtDamage": 100,
    "incomingFallDamageMultiplier": 0.0
  },
  "durability": {
    "maxDurability": 100
  },
  "level": {
    "maxLevel": 10,
    "initialExp": 100,
    "expRatio": 250
  },
  "loot": [
    {
      "table": [
        "minecraft:chests/igloo_chest",
        "minecraft:chests/village/village_snowy_house",
        "minecraft:chests/village/village_taiga_house"
      ],
      "chance": 0.2,
      "baseCount": 1,
      "additionalCount": 0
    }
  ]
}