{
  "config": {
    "maxCharges": 8,
    "chargeRegenerationTime": 10,
    "damage": 5,
    "throwCooldown": 10,
    "bounceChanceMultiplier": 0.015,
    "bounceRadius": 7,
    "projectileSpeed": 0.45,
    "maxBounces": 10
  },
  "durability": {
    "maxDurability": 100
  },
  "level": {
    "maxLevel": 10,
    "initialExp": 100,
    "expRatio": 250
  },
  "loot": [
    {
      "table": [
        "minecraft:chests/end_city_treasure"
      ],
      "chance": 0.1,
      "baseCount": 1,
      "additionalCount": 0
    }
  ]
}