{
  "config": {
    "projectileSpeed": 1.0,
    "maxThrownTime": 60,
    "timeBeforeReturn": 10,
    "cooldownAfterTeleport": 10,
    "maxBounces": 10,
    "additionalTimeAfterBounce": 4,
    "baseDamage": 8,
    "damageMultiplierPerBounce": 1.5
  },
  "durability": {
    "maxDurability": 100
  },
  "level": {
    "maxLevel": 10,
    "initialExp": 100,
    "expRatio": 250
  },
  "loot": [
    {
      "table": [
        "minecraft:chests/end_city_treasure"
      ],
      "chance": 0.1,
      "baseCount": 1,
      "additionalCount": 0
    }
  ]
}