{
  "config": {
    "chance": 0.15,
    "damageMultiplier": 0.75,
    "additionalSummonHeight": 20,
    "minSummonHeight": 20,
    "explosionRadius": 3,
    "knockbackPower": 1.0,
    "minDamage": 3,
    "projectileSpeed": 0.7
  },
  "durability": {
    "maxDurability": 100
  },
  "level": {
    "maxLevel": 10,
    "initialExp": 100,
    "expRatio": 250
  },
  "loot": [
    {
      "table": [
        "minecraft:chests/end_city_treasure"
      ],
      "chance": 0.1,
      "baseCount": 1,
      "additionalCount": 0
    }
  ]
}