[
  {
    "name": "minecraft:coal_ore",
    "weight": 4,
    "dimensions": [
      "minecraft:overworld"
    ],
    "biomes": []
  },
  {
    "name": "minecraft:iron_ore",
    "weight": 3,
    "dimensions": [
      "minecraft:overworld"
    ],
    "biomes": []
  },
  {
    "name": "minecraft:gold_ore",
    "weight": 1,
    "dimensions": [
      "minecraft:overworld"
    ],
    "biomes": []
  },
  {
    "name": "minecraft:diamond_ore",
    "weight": 1,
    "dimensions": [
      "minecraft:overworld"
    ],
    "biomes": []
  },
  {
    "name": "minecraft:lapis_ore",
    "weight": 2,
    "dimensions": [
      "minecraft:overworld"
    ],
    "biomes": []
  },
  {
    "name": "minecraft:redstone_ore",
    "weight": 4,
    "dimensions": [
      "minecraft:overworld"
    ],
    "biomes": []
  },
  {
    "name": "minecraft:emerald_ore",
    "weight": 1,
    "dimensions": [
      "minecraft:overworld"
    ],
    "biomes": []
  }
]