{
  "credit": "Made with Blockbench",
  "parent": "block/block",
  "textures": {
    "tray_side": "farmersdelight:block/tray_bottom",
    "particle": "corn_delight:block/nacho_tray_top",
    "tray_top": "corn_delight:block/nacho_tray_top"
  },
  "elements": [
    {
      "name": "plate",
      "from": [1, 0, 1],
      "to": [15, 2, 15],
      "faces": {
        "north": {"uv": [1, 11, 15, 13], "texture": "#tray_side"},
        "east": {"uv": [1, 11, 15, 13], "texture": "#tray_side"},
        "south": {"uv": [1, 11, 15, 13], "texture": "#tray_side"},
        "west": {"uv": [1, 11, 15, 13], "texture": "#tray_side"},
        "up": {"uv": [1, 1, 15, 15], "texture": "#tray_top"},
        "down": {"uv": [1, 1, 15, 15], "texture": "#tray_side", "cullface": "down"}
      }
    }
  ]
}