{"crow":{"width":10,"height":20,"show":true},"tasmanian_devil":{"width":18,"height":16,"show":true},"raccoon":{"width":16,"height":16,"show":true},"grizzly_bear":{"width":16,"height":18,"show":true},"seagull":{"width":10,"height":20,"show":true},"cockroach":{"width":16,"height":9,"show":true},"centipede_head":{"width":10,"height":7,"show":true},"centipede_body":{"width":20,"height":8,"show":true},"fly":{"width":16,"height":16,"show":true},"centipede_tail":{"width":20,"height":12,"show":true},"seal":{"width":16,"height":16,"show":true},"cachalot_whale":{"width":14,"height":20,"show":true},"gorilla":{"width":16,"height":20,"show":true},"capuchin_monkey":{"width":20,"height":14,"show":true},"hummingbird":{"width":12,"height":20,"show":true},"rattlesnake":{"width":20,"height":12,"show":true},"roadrunner":{"width":11,"height":20,"show":true},"leafcutter_ant":{"width":15,"height":12,"show":true},"lobster":{"width":20,"height":11,"show":true},"tarantula_hawk":{"width":20,"height":13,"show":true},"platypus":{"width":20,"height":12,"show":true},"crocodile":{"width":20,"height":10,"show":true},"emu":{"width":16,"height":16,"show":true},"kangaroo":{"width":19,"height":16,"show":true},"gazelle":{"width":15,"height":20,"show":true},"elephant":{"width":16,"height":16,"show":true},"orca":{"width":17,"height":16,"show":true},"blobfish":{"width":20,"height":12,"show":true},"frilled_shark":{"width":16,"height":18,"show":true},"bald_eagle":{"width":9,"height":20,"show":true},"alligator_snapping_turtle":{"width":19,"height":16,"show":true}}