{
  "dictionary": {
    "byg:allium_fields": [
      "PLAINS",
      "RARE",
      "LUSH",
      "OVERWORLD"
    ],
    "byg:bayou": [
      "SWAMP",
      "FOREST",
      "WET",
      "OVERWORLD"
    ],
    "byg:borealis_grove": [
      "FOREST",
      "OVERWORLD"
    ],
    "byg:baobab_savanna": [
      "SAVANNA",
      "SPARSE",
      "DRY",
      "OVERWORLD"
    ],
    "byg:autumnal_valley": [
      "PLAINS",
      "DRY",
      "OVERWORLD"
    ],
    "byg:araucaria_savanna": [
      "SAVANNA",
      "OVERWORLD"
    ],
    "byg:amaranth_fields": [
      "PLAINS",
      "RARE",
      "LUSH",
      "OVERWORLD"
    ],
    "byg:aspen_forest": [
      "FOREST",
      "OVERWORLD"
    ]
  }
}