{"hummingbird":{"width":16,"height":18,"show":true},"cassowary":{"width":11,"height":20,"show":true},"kiwi":{"width":12,"height":20,"show":true},"peafowl":{"width":16,"height":16,"show":true},"pigeon":{"width":13,"height":20,"show":true},"roadrunner":{"width":16,"height":16,"show":true},"woodpecker":{"width":16,"height":16,"show":true},"lyrebird":{"width":16,"height":17,"show":true},"robin":{"width":14,"height":20,"show":true},"magpie":{"width":14,"height":20,"show":true},"bluejay":{"width":14,"height":20,"show":true},"heron":{"width":16,"height":20,"show":true},"gull":{"width":11,"height":20,"show":true},"ostrich":{"width":16,"height":16,"show":true},"penguin":{"width":19,"height":16,"show":true},"cockatoo":{"width":12,"height":20,"show":true},"cardinal":{"width":14,"height":20,"show":true},"owl":{"width":18,"height":16,"show":true},"swan":{"width":15,"height":20,"show":true},"toucan":{"width":12,"height":20,"show":true},"kingfisher":{"width":16,"height":18,"show":true},"duck":{"width":16,"height":16,"show":true},"macaw":{"width":16,"height":17,"show":true},"gouldianfinch":{"width":16,"height":17,"show":true}}