{
  "config": {
    "skippedTicks": 1,
    "activeCooldown": 10,
    "explosionRadius": 5,
    "explosionDamageMultiplier": 1.5,
    "maxExplosionDamage": 75,
    "whitelistedItems": [],
    "blacklistedItems": []
  },
  "durability": {
    "maxDurability": 100
  },
  "level": {
    "maxLevel": 10,
    "initialExp": 100,
    "expRatio": 250
  },
  "loot": [
    {
      "table": [
        "minecraft:chests/village/village_fletcher"
      ],
      "chance": 0.25,
      "baseCount": 1,
      "additionalCount": 0
    },
    {
      "table": [
        "minecraft:entities/skeleton"
      ],
      "chance": 0.05,
      "baseCount": 1,
      "additionalCount": 0
    }
  ]
}