{
  "config": {
    "rechargeTime": 60,
    "useDuration": 32,
    "maxPieces": 3,
    "feedAmount": 10,
    "saturationAmount": 5
  },
  "durability": {
    "maxDurability": 100
  },
  "level": {
    "maxLevel": 10,
    "initialExp": 100,
    "expRatio": 250
  },
  "loot": [
    {
      "table": [
        "minecraft:chests/stronghold_corridor",
        "minecraft:chests/stronghold_crossing",
        "minecraft:chests/stronghold_library",
        "minecraft:chests/abandoned_mineshaft"
      ],
      "chance": 0.1,
      "baseCount": 1,
      "additionalCount": 0
    }
  ]
}