{
  "config": {
    "swimSpeedModifier": -0.2,
    "magicResistance": 0.25,
    "healMultiplier": 3.0,
    "riptideCooldown": 5,
    "riptidePower": 3.0
  },
  "durability": {
    "maxDurability": 100
  },
  "level": {
    "maxLevel": 10,
    "initialExp": 100,
    "expRatio": 250
  },
  "loot": [
    {
      "table": [
        "minecraft:chests/underwater_ruin_big",
        "minecraft:chests/underwater_ruin_small",
        "minecraft:chests/shipwreck_treasure"
      ],
      "chance": 0.15,
      "baseCount": 1,
      "additionalCount": 0
    }
  ]
}