{
  "config": {},
  "durability": {
    "maxDurability": 100
  },
  "level": {
    "maxLevel": 10,
    "initialExp": 100,
    "expRatio": 250
  },
  "loot": [
    {
      "table": [
        "minecraft:chests/nether_bridge",
        "minecraft:chests/bastion_bridge",
        "minecraft:chests/bastion_other",
        "minecraft:chests/bastion_treasure",
        "minecraft:chests/bastion_hoglin_stable",
        "minecraft:chests/ruined_portal"
      ],
      "chance": 0.15,
      "baseCount": 1,
      "additionalCount": 0
    }
  ]
}