{
  "config": {
    "soulLooseCooldown": 10,
    "minSoulLooseAmount": 5,
    "soulLoseMultiplierPerSoul": 0.1,
    "soulCapacity": 100,
    "soulFromHealthMultiplier": 0.25,
    "damageMultiplierPerSoul": 0.1
  },
  "durability": {
    "maxDurability": 100
  },
  "level": {
    "maxLevel": 10,
    "initialExp": 100,
    "expRatio": 250
  },
  "loot": [
    {
      "table": [
        "minecraft:chests/end_city_treasure"
      ],
      "chance": 0.15,
      "baseCount": 1,
      "additionalCount": 0
    }
  ]
}