{
  "config": {
    "climbSpeed": 0.2
  },
  "durability": {
    "maxDurability": 100
  },
  "level": {
    "maxLevel": 10,
    "initialExp": 100,
    "expRatio": 250
  },
  "loot": [
    {
      "table": [
        "minecraft:chests/stronghold_corridor",
        "minecraft:chests/stronghold_crossing",
        "minecraft:chests/stronghold_library",
        "minecraft:chests/abandoned_mineshaft"
      ],
      "chance": 0.15,
      "baseCount": 1,
      "additionalCount": 0
    },
    {
      "table": [
        "minecraft:entities/spider"
      ],
      "chance": 0.01,
      "baseCount": 1,
      "additionalCount": 0
    },
    {
      "table": [
        "minecraft:entities/cave_spider"
      ],
      "chance": 0.01,
      "baseCount": 1,
      "additionalCount": 0
    }
  ]
}