{
      "replace": true,
      "trades": [
        {
          "type": "goblintraders:basic",
          "offer_item": {
            "item": "minecraft:emerald",
            "count": 1
          },
          "payment_item": {
            "item": "minecraft:apple",
            "count": 1
          },
          "price_multiplier": 0.0,
          "max_trades": 24,
          "experience": 20
        },
        {
          "type": "goblintraders:basic",
          "offer_item": {
            "item": "minecraft:iron_ingot",
            "count": 2
          },
          "payment_item": {
            "item": "cavesandcliffs:raw_iron",
            "count": 1
          },
          "price_multiplier": 0.0,
          "max_trades": 30,
          "experience": 20
        },
        {
          "type": "goblintraders:basic",
          "offer_item": {
            "item": "minecraft:gold_ingot",
            "count": 3
          },
          "payment_item": {
            "item": "cavesandcliffs:raw_gold",
            "count": 2
          },
          "price_multiplier": 0.0,
          "max_trades": 30,
          "experience": 30
        },
        {
          "type": "goblintraders:basic",
          "offer_item": {
            "item": "minecraft:coal",
            "count": 1
          },
          "payment_item": {
            "item": "minecraft:rotten_flesh",
            "count": 4
          },
          "price_multiplier": 0.0,
          "max_trades": 24,
          "experience": 15
        },
        {
          "type": "goblintraders:basic",
          "offer_item": {
            "item": "minecraft:flint",
            "count": 2
          },
          "payment_item": {
            "item": "minecraft:gravel",
            "count": 1
          },
          "price_multiplier": 0.0,
          "max_trades": 32,
          "experience": 15
        },
        {
          "type": "goblintraders:basic",
          "offer_item": {
            "item": "minecraft:emerald",
            "count": 1
          },
          "payment_item": {
            "item": "minecraft:cobblestone",
            "count": 32
          },
          "price_multiplier": 0.0,
          "max_trades": 128,
          "experience": 15
        }
      ]
    }
