{"carp":{"width":12,"height":20,"show":true},"brown_trout":{"width":12,"height":20,"show":true},"bluegill":{"width":12,"height":20,"show":true},"gar":{"width":20,"height":12,"show":true},"smallmouth_bass":{"width":12,"height":20,"show":true},"perch":{"width":12,"height":20,"show":true},"minnow":{"width":20,"height":12,"show":true},"muskellunge":{"width":20,"height":12,"show":true},"jellyfish":{"width":12,"height":20,"show":true},"atlantic_herring":{"width":20,"height":12,"show":true},"red_grouper":{"width":12,"height":20,"show":true},"catfish":{"width":14,"height":20,"show":true},"blackfish":{"width":12,"height":20,"show":true},"atlantic_halibut":{"width":19,"height":15,"show":true},"pacific_halibut":{"width":20,"height":16,"show":true},"pollock":{"width":12,"height":20,"show":true},"pink_salmon":{"width":12,"height":20,"show":true},"rainbow_trout":{"width":12,"height":20,"show":true},"tuna":{"width":12,"height":20,"show":true}}